<application>
  <component name="FileTypeManager" version="17">
    <extensionMap>
      <mapping pattern="*env-cmdrc" type="JSON" />
      <mapping pattern=".env" type="JavaScript" />
      <mapping pattern=".ee" type="PLAIN_TEXT" />
      <mapping pattern=".env.real" type="PLAIN_TEXT" />
      <mapping ext="vtt" type="PLAIN_TEXT" />
      <mapping ext="ax" type="PLAIN_TEXT" />
      <mapping ext="eot" type="PLAIN_TEXT" />
      <mapping ext="rm" type="PLAIN_TEXT" />
      <mapping ext="mpd" type="XML" />
      <removed_mapping pattern=".env-cmdrc" approved="true" type="PLAIN_TEXT" />
    </extensionMap>
  </component>
</application>